"sed","44"
"ut","36"
"vel","28"
"tincidunt","28"
"et","26"
"amet","26"
"libero","26"
"quis","26"
"sit","26"
"nisi","24"
"augue","24"
"eu","24"
"interdum","24"
"mauris","24"
"nibh","22"
"velit","22"
"nulla","22"
"eget","22"
"ac","22"
"ipsum","20"
"orci","20"
"nec","20"
"vestibulum","20"
"ante","20"
"elit","18"
"consequat","18"
"enim","18"
"dictum","18"
"erat","18"
"id","18"
"vitae","18"
"arcu","18"
"turpis","18"
"pellentesque","18"
"dolor","18"
"faucibus","16"
"molestie","16"
"diam","16"
"risus","16"
"magna","16"
"ultrices","16"
"accumsan","16"
"semper","16"
"lectus","16"
"sem","16"
"lacus","14"
"est","14"
"tellus","14"
"metus","14"
"malesuada","14"
