"url","51"
"sed","40"
"et","33"
"ut","33"
"ac","33"
"quis","25"
"vel","24"
"tincidunt","24"
"sit","23"
"amet","23"
"nulla","22"
"sem","22"
"mauris","22"
"pellentesque","21"
"malesuada","19"
"nisi","18"
"interdum","18"
"eget","18"
"turpis","18"
"nec","17"
"id","17"
"nibh","17"
"eu","17"
"morbi","17"
"vestibulum","17"
"velit","17"
"libero","17"
"vitae","16"
"enim","16"
"ante","16"
"lectus","16"
"nunc","15"
"diam","15"
"arcu","15"
"dolor","15"
"magna","15"
"dictum","15"
"erat","15"
"tellus","15"
"augue","15"
"ipsum","14"
"sagittis","14"
"donec","14"
"lacus","14"
"consequat","13"
"aliquam","13"
"ultrices","13"
"elit","13"
"orci","13"
"placerat","13"
